[
  {
    "name": "Process Start",
    "start": 1606784747419,
    "end": 1606784748306,
    "duration": 887,
    "pid": 14220,
    "index": 0
  },
  {
    "name": "Application Start",
    "start": 1606784748306,
    "end": 1606784751098,
    "duration": 2792,
    "pid": 14220,
    "index": 1
  },
  {
    "name": "Load Plugin",
    "start": 1606784748310,
    "end": 1606784748321,
    "duration": 11,
    "pid": 14220,
    "index": 2
  },
  {
    "name": "Load Config",
    "start": 1606784748321,
    "end": 1606784748343,
    "duration": 22,
    "pid": 14220,
    "index": 3
  },
  {
    "name": "Require(0) config/config.default.js",
    "start": 1606784748321,
    "end": 1606784748322,
    "duration": 1,
    "pid": 14220,
    "index": 4
  },
  {
    "name": "Require(1) node_modules/egg-session/config/config.default.js",
    "start": 1606784748323,
    "end": 1606784748324,
    "duration": 1,
    "pid": 14220,
    "index": 5
  },
  {
    "name": "Require(2) node_modules/egg-security/config/config.default.js",
    "start": 1606784748324,
    "end": 1606784748324,
    "duration": 0,
    "pid": 14220,
    "index": 6
  },
  {
    "name": "Require(3) node_modules/egg-jsonp/config/config.default.js",
    "start": 1606784748326,
    "end": 1606784748326,
    "duration": 0,
    "pid": 14220,
    "index": 7
  },
  {
    "name": "Require(4) node_modules/egg-onerror/config/config.default.js",
    "start": 1606784748327,
    "end": 1606784748327,
    "duration": 0,
    "pid": 14220,
    "index": 8
  },
  {
    "name": "Require(5) node_modules/egg-i18n/config/config.default.js",
    "start": 1606784748328,
    "end": 1606784748328,
    "duration": 0,
    "pid": 14220,
    "index": 9
  },
  {
    "name": "Require(6) node_modules/egg-watcher/config/config.default.js",
    "start": 1606784748328,
    "end": 1606784748329,
    "duration": 1,
    "pid": 14220,
    "index": 10
  },
  {
    "name": "Require(7) node_modules/egg-schedule/config/config.default.js",
    "start": 1606784748329,
    "end": 1606784748330,
    "duration": 1,
    "pid": 14220,
    "index": 11
  },
  {
    "name": "Require(8) node_modules/egg-multipart/config/config.default.js",
    "start": 1606784748330,
    "end": 1606784748331,
    "duration": 1,
    "pid": 14220,
    "index": 12
  },
  {
    "name": "Require(9) node_modules/egg-development/config/config.default.js",
    "start": 1606784748331,
    "end": 1606784748332,
    "duration": 1,
    "pid": 14220,
    "index": 13
  },
  {
    "name": "Require(10) node_modules/egg-logrotator/config/config.default.js",
    "start": 1606784748332,
    "end": 1606784748332,
    "duration": 0,
    "pid": 14220,
    "index": 14
  },
  {
    "name": "Require(11) node_modules/egg-static/config/config.default.js",
    "start": 1606784748333,
    "end": 1606784748333,
    "duration": 0,
    "pid": 14220,
    "index": 15
  },
  {
    "name": "Require(12) node_modules/egg-view/config/config.default.js",
    "start": 1606784748334,
    "end": 1606784748334,
    "duration": 0,
    "pid": 14220,
    "index": 16
  },
  {
    "name": "Require(13) node_modules/egg-view-nunjucks/config/config.default.js",
    "start": 1606784748335,
    "end": 1606784748335,
    "duration": 0,
    "pid": 14220,
    "index": 17
  },
  {
    "name": "Require(14) node_modules/egg-mysql/config/config.default.js",
    "start": 1606784748335,
    "end": 1606784748336,
    "duration": 1,
    "pid": 14220,
    "index": 18
  },
  {
    "name": "Require(15) node_modules/egg-cors/config/config.default.js",
    "start": 1606784748336,
    "end": 1606784748336,
    "duration": 0,
    "pid": 14220,
    "index": 19
  },
  {
    "name": "Require(16) node_modules/egg/config/config.default.js",
    "start": 1606784748337,
    "end": 1606784748337,
    "duration": 0,
    "pid": 14220,
    "index": 20
  },
  {
    "name": "Require(17) config/config.default.js",
    "start": 1606784748338,
    "end": 1606784748338,
    "duration": 0,
    "pid": 14220,
    "index": 21
  },
  {
    "name": "Require(18) node_modules/egg-security/config/config.local.js",
    "start": 1606784748339,
    "end": 1606784748339,
    "duration": 0,
    "pid": 14220,
    "index": 22
  },
  {
    "name": "Require(19) node_modules/egg-watcher/config/config.local.js",
    "start": 1606784748340,
    "end": 1606784748340,
    "duration": 0,
    "pid": 14220,
    "index": 23
  },
  {
    "name": "Require(20) node_modules/egg-view/config/config.local.js",
    "start": 1606784748341,
    "end": 1606784748341,
    "duration": 0,
    "pid": 14220,
    "index": 24
  },
  {
    "name": "Require(21) node_modules/egg-view-nunjucks/config/config.local.js",
    "start": 1606784748342,
    "end": 1606784748342,
    "duration": 0,
    "pid": 14220,
    "index": 25
  },
  {
    "name": "Require(22) node_modules/egg/config/config.local.js",
    "start": 1606784748342,
    "end": 1606784748342,
    "duration": 0,
    "pid": 14220,
    "index": 26
  },
  {
    "name": "Load extend/application.js",
    "start": 1606784748344,
    "end": 1606784748839,
    "duration": 495,
    "pid": 14220,
    "index": 27
  },
  {
    "name": "Require(23) node_modules/egg-session/app/extend/application.js",
    "start": 1606784748429,
    "end": 1606784748458,
    "duration": 29,
    "pid": 14220,
    "index": 28
  },
  {
    "name": "Require(24) node_modules/egg-security/app/extend/application.js",
    "start": 1606784748459,
    "end": 1606784748477,
    "duration": 18,
    "pid": 14220,
    "index": 29
  },
  {
    "name": "Require(25) node_modules/egg-jsonp/app/extend/application.js",
    "start": 1606784748477,
    "end": 1606784748479,
    "duration": 2,
    "pid": 14220,
    "index": 30
  },
  {
    "name": "Require(26) node_modules/egg-logrotator/app/extend/application.js",
    "start": 1606784748483,
    "end": 1606784748485,
    "duration": 2,
    "pid": 14220,
    "index": 31
  },
  {
    "name": "Require(27) node_modules/egg-view/app/extend/application.js",
    "start": 1606784748486,
    "end": 1606784748604,
    "duration": 118,
    "pid": 14220,
    "index": 32
  },
  {
    "name": "Require(28) node_modules/egg-view-nunjucks/app/extend/application.js",
    "start": 1606784748612,
    "end": 1606784748834,
    "duration": 222,
    "pid": 14220,
    "index": 33
  },
  {
    "name": "Load extend/request.js",
    "start": 1606784748839,
    "end": 1606784748852,
    "duration": 13,
    "pid": 14220,
    "index": 34
  },
  {
    "name": "Require(29) node_modules/egg/app/extend/request.js",
    "start": 1606784748843,
    "end": 1606784748848,
    "duration": 5,
    "pid": 14220,
    "index": 35
  },
  {
    "name": "Load extend/response.js",
    "start": 1606784748852,
    "end": 1606784748866,
    "duration": 14,
    "pid": 14220,
    "index": 36
  },
  {
    "name": "Require(30) node_modules/egg/app/extend/response.js",
    "start": 1606784748856,
    "end": 1606784748862,
    "duration": 6,
    "pid": 14220,
    "index": 37
  },
  {
    "name": "Load extend/context.js",
    "start": 1606784748866,
    "end": 1606784748921,
    "duration": 55,
    "pid": 14220,
    "index": 38
  },
  {
    "name": "Require(31) node_modules/egg-security/app/extend/context.js",
    "start": 1606784748871,
    "end": 1606784748882,
    "duration": 11,
    "pid": 14220,
    "index": 39
  },
  {
    "name": "Require(32) node_modules/egg-jsonp/app/extend/context.js",
    "start": 1606784748882,
    "end": 1606784748883,
    "duration": 1,
    "pid": 14220,
    "index": 40
  },
  {
    "name": "Require(33) node_modules/egg-i18n/app/extend/context.js",
    "start": 1606784748883,
    "end": 1606784748883,
    "duration": 0,
    "pid": 14220,
    "index": 41
  },
  {
    "name": "Require(34) node_modules/egg-multipart/app/extend/context.js",
    "start": 1606784748884,
    "end": 1606784748916,
    "duration": 32,
    "pid": 14220,
    "index": 42
  },
  {
    "name": "Require(35) node_modules/egg-view/app/extend/context.js",
    "start": 1606784748916,
    "end": 1606784748917,
    "duration": 1,
    "pid": 14220,
    "index": 43
  },
  {
    "name": "Require(36) node_modules/egg/app/extend/context.js",
    "start": 1606784748917,
    "end": 1606784748918,
    "duration": 1,
    "pid": 14220,
    "index": 44
  },
  {
    "name": "Load extend/helper.js",
    "start": 1606784748921,
    "end": 1606784749064,
    "duration": 143,
    "pid": 14220,
    "index": 45
  },
  {
    "name": "Require(37) node_modules/egg-security/app/extend/helper.js",
    "start": 1606784748935,
    "end": 1606784749050,
    "duration": 115,
    "pid": 14220,
    "index": 46
  },
  {
    "name": "Require(38) node_modules/egg/app/extend/helper.js",
    "start": 1606784749052,
    "end": 1606784749062,
    "duration": 10,
    "pid": 14220,
    "index": 47
  },
  {
    "name": "Load app.js",
    "start": 1606784749065,
    "end": 1606784749362,
    "duration": 297,
    "pid": 14220,
    "index": 48
  },
  {
    "name": "Require(39) node_modules/egg-session/app.js",
    "start": 1606784749065,
    "end": 1606784749065,
    "duration": 0,
    "pid": 14220,
    "index": 49
  },
  {
    "name": "Require(40) node_modules/egg-security/app.js",
    "start": 1606784749066,
    "end": 1606784749085,
    "duration": 19,
    "pid": 14220,
    "index": 50
  },
  {
    "name": "Require(41) node_modules/egg-onerror/app.js",
    "start": 1606784749085,
    "end": 1606784749155,
    "duration": 70,
    "pid": 14220,
    "index": 51
  },
  {
    "name": "Require(42) node_modules/egg-i18n/app.js",
    "start": 1606784749156,
    "end": 1606784749283,
    "duration": 127,
    "pid": 14220,
    "index": 52
  },
  {
    "name": "Require(43) node_modules/egg-watcher/app.js",
    "start": 1606784749284,
    "end": 1606784749288,
    "duration": 4,
    "pid": 14220,
    "index": 53
  },
  {
    "name": "Require(44) node_modules/egg-schedule/app.js",
    "start": 1606784749293,
    "end": 1606784749299,
    "duration": 6,
    "pid": 14220,
    "index": 54
  },
  {
    "name": "Require(45) node_modules/egg-multipart/app.js",
    "start": 1606784749300,
    "end": 1606784749307,
    "duration": 7,
    "pid": 14220,
    "index": 55
  },
  {
    "name": "Require(46) node_modules/egg-development/app.js",
    "start": 1606784749308,
    "end": 1606784749309,
    "duration": 1,
    "pid": 14220,
    "index": 56
  },
  {
    "name": "Require(47) node_modules/egg-logrotator/app.js",
    "start": 1606784749309,
    "end": 1606784749310,
    "duration": 1,
    "pid": 14220,
    "index": 57
  },
  {
    "name": "Require(48) node_modules/egg-static/app.js",
    "start": 1606784749311,
    "end": 1606784749311,
    "duration": 0,
    "pid": 14220,
    "index": 58
  },
  {
    "name": "Require(49) node_modules/egg-view-nunjucks/app.js",
    "start": 1606784749312,
    "end": 1606784749313,
    "duration": 1,
    "pid": 14220,
    "index": 59
  },
  {
    "name": "Require(50) node_modules/egg-mysql/app.js",
    "start": 1606784749313,
    "end": 1606784749337,
    "duration": 24,
    "pid": 14220,
    "index": 60
  },
  {
    "name": "Require(51) node_modules/egg-cors/app.js",
    "start": 1606784749346,
    "end": 1606784749361,
    "duration": 15,
    "pid": 14220,
    "index": 61
  },
  {
    "name": "Before Start in node_modules/egg-watcher/lib/init.js:15:14",
    "start": 1606784749378,
    "end": 1606784750915,
    "duration": 1537,
    "pid": 14220,
    "index": 62
  },
  {
    "name": "Before Start in node_modules/egg-mysql/lib/mysql.js:20:7",
    "start": 1606784749756,
    "end": 1606784751098,
    "duration": 1342,
    "pid": 14220,
    "index": 63
  },
  {
    "name": "Load Service",
    "start": 1606784749757,
    "end": 1606784749779,
    "duration": 22,
    "pid": 14220,
    "index": 64
  },
  {
    "name": "Load \"service\" to Context",
    "start": 1606784749757,
    "end": 1606784749779,
    "duration": 22,
    "pid": 14220,
    "index": 65
  },
  {
    "name": "Load Middleware",
    "start": 1606784749779,
    "end": 1606784750815,
    "duration": 1036,
    "pid": 14220,
    "index": 66
  },
  {
    "name": "Load \"middlewares\" to Application",
    "start": 1606784749779,
    "end": 1606784750799,
    "duration": 1020,
    "pid": 14220,
    "index": 67
  },
  {
    "name": "Load Controller",
    "start": 1606784750815,
    "end": 1606784750878,
    "duration": 63,
    "pid": 14220,
    "index": 68
  },
  {
    "name": "Load \"controller\" to Application",
    "start": 1606784750815,
    "end": 1606784750878,
    "duration": 63,
    "pid": 14220,
    "index": 69
  },
  {
    "name": "Load Router",
    "start": 1606784750878,
    "end": 1606784750880,
    "duration": 2,
    "pid": 14220,
    "index": 70
  },
  {
    "name": "Require(52) app/router.js",
    "start": 1606784750878,
    "end": 1606784750878,
    "duration": 0,
    "pid": 14220,
    "index": 71
  },
  {
    "name": "Before Start in node_modules/egg-core/lib/egg.js:303:10",
    "start": 1606784750878,
    "end": 1606784750903,
    "duration": 25,
    "pid": 14220,
    "index": 72
  }
]