[
  {
    "name": null,
    "methods": [
      "HEAD",
      "GET"
    ],
    "paramNames": [],
    "path": "/",
    "regexp": "/^(?:\\/(?=$))?$/",
    "stack": [
      "wrappedController"
    ]
  },
  {
    "name": null,
    "methods": [
      "HEAD",
      "GET"
    ],
    "paramNames": [],
    "path": "/resume",
    "regexp": "/^\\/resume(?:\\/(?=$))?$/",
    "stack": [
      "token",
      "wrappedController"
    ]
  },
  {
    "name": null,
    "methods": [
      "HEAD",
      "GET"
    ],
    "paramNames": [
      {
        "name": "resumeKey",
        "prefix": "/",
        "delimiter": "/",
        "optional": false,
        "repeat": false,
        "partial": false,
        "asterisk": false,
        "pattern": "[^\\/]+?"
      }
    ],
    "path": "/resume/:resumeKey",
    "regexp": "/^\\/resume\\/((?:[^\\/]+?))(?:\\/(?=$))?$/",
    "stack": [
      "token",
      "wrappedController"
    ]
  },
  {
    "name": null,
    "methods": [
      "HEAD",
      "GET"
    ],
    "paramNames": [],
    "path": "/collect",
    "regexp": "/^\\/collect(?:\\/(?=$))?$/",
    "stack": [
      "token",
      "wrappedController"
    ]
  },
  {
    "name": null,
    "methods": [
      "POST"
    ],
    "paramNames": [],
    "path": "/login",
    "regexp": "/^\\/login(?:\\/(?=$))?$/",
    "stack": [
      "wrappedController"
    ]
  },
  {
    "name": null,
    "methods": [
      "POST"
    ],
    "paramNames": [],
    "path": "/loginStatus",
    "regexp": "/^\\/loginStatus(?:\\/(?=$))?$/",
    "stack": [
      "wrappedController"
    ]
  },
  {
    "name": null,
    "methods": [
      "POST"
    ],
    "paramNames": [],
    "path": "/downloadResume",
    "regexp": "/^\\/downloadResume(?:\\/(?=$))?$/",
    "stack": [
      "token",
      "wrappedController"
    ]
  },
  {
    "name": null,
    "methods": [
      "POST"
    ],
    "paramNames": [],
    "path": "/getCurrentResume",
    "regexp": "/^\\/getCurrentResume(?:\\/(?=$))?$/",
    "stack": [
      "token",
      "wrappedController"
    ]
  },
  {
    "name": null,
    "methods": [
      "POST"
    ],
    "paramNames": [],
    "path": "/getCurrentResumeTemplate",
    "regexp": "/^\\/getCurrentResumeTemplate(?:\\/(?=$))?$/",
    "stack": [
      "token",
      "wrappedController"
    ]
  },
  {
    "name": null,
    "methods": [
      "POST"
    ],
    "paramNames": [],
    "path": "/saveCurrentResume",
    "regexp": "/^\\/saveCurrentResume(?:\\/(?=$))?$/",
    "stack": [
      "token",
      "wrappedController"
    ]
  },
  {
    "name": null,
    "methods": [
      "POST"
    ],
    "paramNames": [],
    "path": "/changeCurrentResumeName",
    "regexp": "/^\\/changeCurrentResumeName(?:\\/(?=$))?$/",
    "stack": [
      "token",
      "wrappedController"
    ]
  },
  {
    "name": null,
    "methods": [
      "POST"
    ],
    "paramNames": [],
    "path": "/changeCurrentResumeConfig",
    "regexp": "/^\\/changeCurrentResumeConfig(?:\\/(?=$))?$/",
    "stack": [
      "token",
      "wrappedController"
    ]
  },
  {
    "name": null,
    "methods": [
      "POST"
    ],
    "paramNames": [],
    "path": "/createResume",
    "regexp": "/^\\/createResume(?:\\/(?=$))?$/",
    "stack": [
      "token",
      "wrappedController"
    ]
  },
  {
    "name": null,
    "methods": [
      "POST"
    ],
    "paramNames": [],
    "path": "/deleteResume",
    "regexp": "/^\\/deleteResume(?:\\/(?=$))?$/",
    "stack": [
      "token",
      "wrappedController"
    ]
  }
]